{"cameraMode":{"drawMode":0,"name":"Shaded","section":"Shading Mode"},"sceneLighting":true,"audioPlay":false,"sceneViewState":{"m_AlwaysRefresh":false,"showFog":true,"showSkybox":true,"showFlares":true,"showImageEffects":true,"showParticleSystems":true,"showVisualEffectGraphs":true,"m_FxEnabled":true},"in2DMode":false,"pivot":{"x":-2.015000104904175,"y":1.625666856765747,"z":1.2882107496261597},"rotation":{"x":0.05836256220936775,"y":-0.6638537049293518,"z":0.052093569189310077,"w":0.7437648177146912},"size":3.2615699768066408,"orthographic":false}